[
  {
    "question": "What is supervised learning?",
    "options": ["Unlabeled data", "Labeled data", "No data", "Random data"],
    "answer": "Labeled data",
    "difficulty": "easy"
  },
  {
    "question": "Which algorithm is used for classification?",
    "options": ["K-Means", "K-NN", "PCA", "Apriori"],
    "answer": "K-NN",
    "difficulty": "medium"
  },
  {
    "question": "What does a confusion matrix represent?",
    "options": ["Data sorting", "Prediction errors", "Accuracy", "Training time"],
    "answer": "Prediction errors",
    "difficulty": "hard"
  }
]
